isic_id,target
ISIC_0015657,0.4294096
ISIC_0015729,0.3027629
ISIC_0015740,0.8654300
